CUST_ID,FIRST_NAME,LAST_NAME,REGION,ID_PROOF_TYPE,STATUS,timestamp
1,Sidney,Hauke,New Jersey,Driving License,Active,2020-01-30
2,Sidney,Haulbrook,Texas,Green Card,Inactive,2020-01-31
3,Sierra,Hauley,Florida,Pass port,Inactive,2020-02-01
4,Signe,Haulk,Others,Others,Inactive,2020-02-02
5,Sigrid,Haulter,Arizona,Pass port,Active,2020-02-03
6,Silas,kumar,California,Pass port,Inactive,2020-02-04
7,Silva,Abasta,Aalska,Pass port,Inactive,2020-02-05
8,Leslie,Aarons,Alaska,Pass port,Inactive,2020-02-06
9,Lessie,Aaronson,Georgia,Pass port,Active,2020-02-07
10,Lester,Aarsvold,Arizona,Pass port,Inactive,2020-02-08
11,Lester,Aas,Aalska,Pass port,Active,2020-02-09
12,Leta,Aasby,Aalska,Pass port,Inactive,2020-02-10
13,Letha,Aase,Aalska,Pass port,Inactive,2020-02-11
14,Leticia,Aasen,Aalska,Pass port,Inactive,2020-02-12
15,Letisha,Aavang,Aalska,Pass port,Active,2020-02-13
16,Letitia,Abad,Aalska,Pass port,Inactive,2020-02-14
17,Lettie,Abadi,Aalska,Driving License,Inactive,2020-02-15
18,Letty,Abadie,Aalska,Driving License,Inactive,2020-02-16
19,Levi,Abair,California,Driving License,Active,2020-02-17
20,Lewis,Abaja%$%%^,California,Driving License,Inactive,2020-02-18
21,Lewis,Abajian,California,Driving License,Active,2020-02-19
22,Lexie,Abalos,California,Driving License,Inactive,2020-02-20
23,Lezlie,Abaloz,California,Driving License,Inactive,2020-02-21
24,Li,Abar,California,Driving License,Inactive,2020-02-22
25,Lia,Abarca,Florida,Driving License,Active,2020-02-23
26,Liana,Abare,Florida,Driving License,Inactive,2020-02-24
27,Liane,Abascal,Florida,Driving License,Inactive,2020-02-25
28,Lianne,Abasta,Florida,Driving License,Inactive,2020-02-26
29,Libbie,Abate,Florida,Driving License,Active,2020-02-27
30,Libby,Abati,Florida,Driving License,Inactive,2020-02-28
31,Liberty,Abatiell,Florida,Driving License,Active,2020-02-29
32,Librada,Abato,Florida,Driving License,Inactive,2020-03-01
33,Lida,Abatti,Florida,Driving License,Inactive,2020-03-02
34,Lidia,Abaunza,Florida,Driving License,Inactive,2020-03-02
35,Lien,Abaya,Florida,Green Card,Active,2020-03-02
36,Lieselotte,Abbadessa,Florida,Green Card,Inactive,2020-03-03
37,Ligia,Abbamonte,New Jersey,Green Card,Inactive,2020-03-03
38,Lila,Abbas,New Jersey,Green Card,Inactive,2020-03-03
39,Lili,Abbasi,New Jersey,Green Card,Active,2020-03-03
40,Lilia,Abbassi,New Jersey,Green Card,Inactive,2020-03-04
41,Lilian,Abbate,New Jersey,Green Card,Active,2020-03-04
42,Liliana,Abbatiello,New Jersey,Green Card,Inactive,2020-03-04
43,Lilla,Abbay,New Jersey,Green Card,Inactive,2020-03-04
44,Lilli,Abbe,New Jersey,Green Card,Inactive,2020-03-04
45,Lillia,Abbed,New Jersey,Green Card,Active,2020-03-04
46,Lilliam,Abbenante,New Jersey,Green Card,Inactive,2020-03-05
47,Lillian,Abbey,New Jersey,Green Card,Inactive,2020-03-05
48,Lilliana,Abbinanti,New Jersey,Green Card,Inactive,2020-03-05
49,Lillie,Abbington,New Jersey,Green Card,Active,2020-03-05
50,Lilly,Abbitt,New Jersey,NA,Inactive,2020-03-05
51,Lily,Abbot,New Jersey,NA,Active,2020-03-05
52,Lin,Abbott,New Jersey,NA,Inactive,2020-03-06
53,Lina,Abboud,New Jersey,Driving License,Inactive,2020-03-06
54,Lincoln,Abbruzzese,New Jersey,Driving License,Inactive,2020-03-06
55,Linda,Abbs,New Jersey,Driving License,Active,2020-03-06
56,Lindsay,Abby,New Jersey,Driving License,Inactive,2020-03-06
57,Lindsay,Abdalla,New Jersey,Driving License,Inactive,2020-03-06
58,Lindsey,Abdallah,New Jersey,Driving License,Inactive,2020-03-07
59,Lindsey,Abdel,New Jersey,Driving License,Active,2020-03-07
60,Lindsy,Abdelal,New Jersey,Driving License,Inactive,2020-03-07
61,Lindy,Abdelaziz,New Jersey,Driving License,Active,2020-03-07
62,Linette,Abdeldayen,New Jersey,Driving License,Inactive,2020-03-07
63,Ling,Abdelhamid,New Jersey,Driving License,Inactive,2020-03-07
64,Linh,Abdella,New Jersey,Driving License,Inactive,2020-03-07
65,Linn,Abdelmuti,New Jersey,Driving License,Active,2020-03-07
66,Linnea,Abdelrahman,New Jersey,Driving License,Inactive,2020-03-08
67,Linnie,Abdelwahed,New Jersey,Driving License,Inactive,2020-03-08
68,Lino,Abdi,New Jersey,Driving License,Inactive,2020-03-08
69,Linsey,Abdin,New Jersey,Driving License,Active,2020-03-08
70,Linwood,Abdo,New Jersey,Driving License,Inactive,2020-03-08
71,Lionel,Abdon,New Jersey,,Active,2020-03-08
72,Lisa,Abdool,New Jersey,Green Card,Inactive,2020-03-08
73,Lisabeth,Abdou,New Jersey,Green Card,Inactive,2020-03-08
74,Lisandra,Abdul,New Jersey,Green Card,Inactive,2020-03-09
75,Lisbeth,Abdula,New Jersey,Green Card,Active,2020-03-09
76,Lise,Abdulaziz,New Jersey,Green Card,Inactive,2020-03-09
77,Lisette,Abdulkarim,New Jersey,Green Card,Inactive,2020-03-09
78,Lisha,Abdulla,New Jersey,Green Card,Inactive,2020-03-09
79,Lissa,Abdullah,New Jersey,Green Card,Active,2020-03-09
80,Lissette,Abdullai,New Jersey,Green Card,Inactive,2020-03-09
81,Lita,Abdulmateen,New Jersey,Green Card,Active,2020-03-09
82,Livia,Abdulmuniem,New Jersey,Green Card,Inactive,2020-03-09
83,Liz,Abdur,New Jersey,Green Card,Inactive,2020-03-09
84,Liza,Abe,New Jersey,Green Card,Inactive,2020-03-09
85,Lizabeth,Abeb,New Jersey,Green Card,Active,2020-03-09
86,Lizbeth,Abed,New Jersey,Green Card,Inactive,2020-03-10
87,Lizeth,Hauben,New Jersey,Driving License,Inactive,2020-03-10
88,Lizette,Hauber,New Jersey,Driving License,Inactive,2020-03-10
89,Lizzette,Haubert,New Jersey,Driving License,Active,2020-03-10
90,Lizzie,Haubner,Others,Driving License,Inactive,2020-03-10
91,Lloyd,Haubold,Alaska,Driving License,Active,2020-03-10
92,Loan,Haubrich,Alaska,Driving License,Inactive,2020-03-10
93,Roxie,Haubrick,Alaska,Driving License,Inactive,2020-03-10
94,Roxy,Hauch,Alaska,Driving License,Inactive,2020-03-10
95,Roy,Hauck,Alaska,Driving License,Active,2020-03-10
96,Roy,Hauenstein,Alaska,Driving License,Inactive,2020-03-10
97,Royal,Hauer,Alaska,Driving License,Active,2020-03-10
98,Royce,Hauersperger,Alaska,Driving License,Inactive,2020-03-11
99,Royce,Hauf,Alaska,Driving License,Active,2020-03-11
100,Rozanne,Hauff,Alaska,Driving License,Active,2020-03-11
101,Rozella,Hauffe,Alaska,Driving License,Active,2020-03-11
102,Ruben,Haufler,Alaska,Driving License,Active,2020-03-11
103,Rubi,Haug,Alaska,Driving License,Active,2020-03-11
104,Rubie,Haugaard,Alaska,Driving License,Active,2020-03-11
105,Rubin,Haugabrook,Alaska,Pass port,Active,2020-03-11
106,Ruby,Hauge,Alaska,Pass port,Active,2020-03-11
107,Rubye,Haugen,Alaska,Pass port,Active,2020-03-11
108,Rudolf,Hauger,Alaska,Pass port,Inactive,2020-03-11
109,Rudolph,Haugh,Alaska,Pass port,Active,2020-03-11
110,Rudy,Haughey,Others,Pass port,Active,2020-03-12
111,Rudy,Haughn,Arizona,Pass port,Active,2020-03-12
112,Rueben,Haughney,Arizona,Pass port,Active,2020-03-12
113,Rufina,Haught,Arizona,Pass port,Active,2020-03-12
114,Rufus,Haughton,Arizona,Pass port,Active,2020-03-12
115,Rupert,Haugland,Arizona,Pass port,Active,2020-03-12
116,Russ,Haugrud,Arizona,Pass port,Active,2020-03-12
117,Russel,Hauk,Arizona,Pass port,Active,2020-03-12
118,Russell,Haukaas,Arizona,Pass port,Inactive,2020-03-12
119,Russell,Hauke,Arizona,Pass port,Active,2020-03-12
120,Rusty,Haulbrook,Arizona,Pass port,Active,2020-03-12
121,Ruth,Hauley,Arizona,Pass port,Active,2020-03-12
122,Rutha,Haulk,Arizona,Pass port,Active,2020-03-12
123,Ruthann,Haulter,Arizona,Pass port,Active,2020-03-13
124,Ruthanne,Hauman,Arizona,Pass port,Active,2020-03-13
125,Ruthe,Haumesser,Arizona,Pass port,Active,2020-03-13
126,Ruthie,Haun,Arizona,Pass port,Active,2020-03-13
127,Ryan,Haupert,Arizona,Pass port,Active,2020-03-13
128,Ryan,Haupt,Arizona,Pass port,Inactive,2020-03-13
129,Ryann,Hauptly,Arizona,Pass port,Active,2020-03-13
130,Sabina,Hauptman,Arizona,Pass port,Active,2020-03-13
131,Sabine,Hauptmann,Arizona,Pass port,Active,2020-03-13
132,Sabra,Haurin,Arizona,Pass port,Active,2020-03-13
133,Sabrina,Haury,Others,Pass port,Active,2020-03-13
134,Sacha,Haus,Others,Pass port,Active,2020-03-13
135,Sachiko,Hausam,Others,Pass port,Active,2020-03-13
136,Sade,Hausauer,Others,Pass port,Active,2020-03-14
137,Sadie,Hauschild,Others,Pass port,Active,2020-03-14
138,Sadye,Hauschildt,Others,Pass port,Inactive,2020-03-14
139,Sage,Hause,Others,Pass port,Active,2020-03-14
140,Sal,Hausen,Others,Driving License,Active,2020-03-14
141,Salena,Hauser,Others,Driving License,Active,2020-03-14
142,Salina,Haushalter,Others,Driving License,Active,2020-03-14
143,Salley,Hausher,Others,Driving License,Active,2020-03-14
144,Sallie,Hauskins,Arizona,Driving License,Active,2020-03-14
145,Sally,Hausladen,Arizona,Driving License,Active,2020-03-14
146,Salome,Hauslein,Arizona,Driving License,Active,2020-03-14
147,Salvador,Hausler,Arizona,Driving License,Active,2020-03-14
148,Salvatore,Hausman,Arizona,Driving License,Inactive,2020-03-14
149,Sam,Hausmann,Arizona,Driving License,Active,2020-03-15
150,Sam,Hausner,Arizona,Driving License,Active,2020-03-15
151,Samantha,Hausrath,Arizona,Driving License,Active,2020-03-15
152,Samara,Hauss,Arizona,Driving License,Active,2020-03-15
153,Samatha,Hausteen,Arizona,Driving License,Active,2020-03-15
154,Samella,Haustein,Arizona,Driving License,Active,2020-03-15
155,Samira,Hauswald,Arizona,Driving License,Active,2020-03-15
156,Sammie,Haut,Arizona,Driving License,Active,2020-03-15
157,Sammie,Hautala,Arizona,Driving License,Active,2020-03-15
158,Sammy,Hautamaki,Arizona,Green Card,Inactive,2020-03-15
159,Sammy,Hautan,Arizona,Green Card,Active,2020-03-15
160,Samual,Hauth,Arizona,Green Card,Active,2020-03-15
161,Samuel,Hauxwell,Arizona,Green Card,Active,2020-03-15
162,Samuel,Hauze,Arizona,Green Card,Active,2020-03-15
163,Sana,Havard,Arizona,Green Card,Active,2020-03-16
164,Sanda,Havas,Arizona,Green Card,Active,2020-03-16
165,Sandee,Havatone,Arizona,Green Card,Active,2020-03-16
166,Sandi,Havekost,Arizona,Green Card,Active,2020-03-16
167,Sandie,Havel,Arizona,Green Card,Active,2020-03-16
168,Sandra,Havelka,Arizona,Green Card,Inactive,2020-03-16
169,Sandy,Havely,Arizona,Green Card,Active,2020-03-16
170,Sandy,Haveman,Arizona,Green Card,Active,2020-03-16
171,Sanford,Haven,Arizona,Green Card,Active,2020-03-16
172,Sang,Havener,Arizona,Green Card,Active,2020-03-16
173,Sang,Havenhill,Arizona,Pass port,Active,2020-03-16
174,Sanjuana,Havens,Arizona,Pass port,Active,2020-03-16
175,Sanjuanita,Haver,Arizona,Pass port,Active,2020-03-16
176,Sanora,Havercroft,Arizona,Pass port,Active,2020-03-16
177,Santa,Haverfield,Arizona,Pass port,Active,2020-03-16
178,Santana,Haverkamp,Arizona,Pass port,Inactive,2020-03-17
179,Santiago,Haverland,Arizona,Pass port,Active,2020-03-17
180,Santina,Haverly,Arizona,Pass port,Active,2020-03-17
181,Santo,Havermale,Arizona,Pass port,Active,2020-03-17
182,Santos,Havermann,Arizona,Pass port,Active,2020-03-17
183,Santos,Havers,Arizona,Pass port,Active,2020-03-17
184,Sara,Haverstick,Arizona,Pass port,Active,2020-03-17
185,Sarah,Haverstock,Arizona,Pass port,Active,2020-03-17
186,Sarai,Haverty,Arizona,Pass port,Active,2020-03-17
187,Saran,Havey,Arizona,Pass port,Active,2020-03-17
188,Sari,Havice,Arizona,Pass port,Inactive,2020-03-17
189,Sarina,Havier,Arizona,Pass port,Active,2020-03-17
190,Sarita,Haviland,Arizona,Pass port,Active,2020-03-17
191,Sasha,Havir,Arizona,Pass port,Active,2020-03-17
192,Saturnina,Havis,Arizona,Pass port,Active,2020-03-17
193,Sau,Havlicek,Arizona,Pass port,Active,2020-03-18
194,Saul,Havlick,Arizona,Driving License,Active,2020-03-18
195,Saundra,Havlik,Arizona,Driving License,Active,2020-03-18
196,Savanna,Havlin,Arizona,Driving License,Active,2020-03-18
197,Savannah,Havnen,Arizona,Driving License,Active,2020-03-18
198,Scarlet,Havner,Arizona,Driving License,Inactive,2020-03-18
199,Scarlett,Haw,Arizona,Driving License,Active,2020-03-18
200,Scot,Haward,Arizona,Green Card,Active,2020-03-18
201,Scott,Hawbaker,Arizona,Green Card,Active,2020-03-18
202,Scott,Hawe,Arizona,Green Card,Active,2020-03-18
203,Scottie,Hawelu,Arizona,Green Card,Active,2020-03-18
204,Scottie,Hawes,Arizona,Green Card,Active,2020-03-18
205,Scotty,Hawf,Arizona,Green Card,Active,2020-03-18
206,Sean,Hawk,Arizona,Green Card,Active,2020-03-18
207,Sean,Hawke,Florida,Green Card,Active,2020-03-18
208,Season,Hawken,Florida,Green Card,Inactive,2020-03-18
209,Sebastian,Hawker,Florida,Green Card,Active,2020-03-18
210,Sebrina,Hawkes,Florida,Green Card,Active,2020-03-19
211,See,Hawkey,Florida,Green Card,Active,2020-03-19
212,Seema,Hawkin,Florida,Green Card,Active,2020-03-19
213,Selena,Hawkinberry,Florida,Green Card,Active,2020-03-19
214,Selene,Hawking,Florida,Green Card,Active,2020-03-19
215,Selina,Hawkings,Florida,Driving License,Active,2020-03-19
216,Selma,Hawkins,Florida,Driving License,Active,2020-03-19
217,Sena,Hawkinson,Florida,Driving License,Active,2020-03-19
218,Senaida,Hawks,Florida,Driving License,Inactive,2020-03-19
219,September,Hawksley,Florida,Driving License,Active,2020-03-19
220,Serafina,Hawley,Florida,Driving License,Active,2020-03-19
221,Serena,Hawman,Florida,Driving License,Active,2020-03-19
222,Sergio,Hawn,Florida,Driving License,Active,2020-03-19
223,Serina,Haworth,Florida,Driving License,Active,2020-03-19
224,Serita,Hawrylak,Florida,Driving License,Active,2020-03-19
225,Seth,Haws,Florida,Driving License,Active,2020-03-19
226,Setsuko,Hawse,Florida,Driving License,Active,2020-03-19
227,Seymour,Hawthorn,Florida,Driving License,Active,2020-03-19
228,Sha,Hawthorne,Florida,Driving License,Inactive,2020-03-19
229,Shad,Hawthrone,Florida,Driving License,Active,2020-03-20
230,Shae,Hawver,Florida,Driving License,Active,2020-03-20
231,Shaina,Haxby,Florida,Driving License,Active,2020-03-20
232,Shakia,Haxton,Florida,Driving License,Active,2020-03-20
233,Shakira,Hay,Florida,Driving License,Active,2020-03-20
234,Shakita,Haya,Florida,Driving License,Active,2020-03-20
235,Shala,Hayakawa,Florida,Pass port,Active,2020-03-20
236,Shalanda,Hayase,Florida,Pass port,Active,2020-03-20
237,Shalon,Hayashi,Florida,Pass port,Active,2020-03-20
238,Shalonda,Hayashida,Florida,Pass port,Inactive,2020-03-20
239,Shameka,Hayball,Florida,Pass port,Active,2020-03-20
240,Shamika,Haybarger,Florida,Pass port,Active,2020-03-20
241,Shan,Hayburn,Florida,Pass port,Active,2020-03-20
242,Shana,Haycock,Florida,Pass port,Active,2020-03-20
243,Shanae,Haycook,Florida,Pass port,Active,2020-03-20
244,Shanda,Haycraft,Florida,Pass port,Active,2020-03-20
245,Shandi,Haydal,Florida,Pass port,Active,2020-03-20
246,Shandra,Haydel,Florida,Pass port,Active,2020-03-20
247,Shane,Hayden,Florida,Pass port,Active,2020-03-20
248,Shane,Haydock,Florida,Pass port,Inactive,2020-03-20
249,Shaneka,Haydon,Florida,Pass port,Active,2020-03-21
250,Shanel,Haydt,Florida,Pass port,Active,2020-03-21
251,Shanell,Haydu,Florida,Pass port,Active,2020-03-21
252,Shanelle,Hayduk,Florida,Pass port,Active,2020-03-21
253,Shani,Haye,Florida,Pass port,Active,2020-03-21
254,Shanice,Hayek,Florida,Pass port,Active,2020-03-21
255,Shanika,Hayenga,Florida,Pass port,Active,2020-03-21
256,Shaniqua,Hayer,Florida,Driving License,Active,2020-03-21
257,Shanita,Hayertz,Florida,Driving License,Active,2020-03-21
258,Shanna,Hayes,Florida,Driving License,Inactive,2020-03-21
259,Shannan,Hayford,Florida,Driving License,Active,2020-03-21
260,Shannon,Haygood,Florida,Driving License,Active,2020-03-21
261,Shannon,Hayhoe,Florida,Driving License,Active,2020-03-21
262,Shanon,Hayhurst,Florida,Others,Active,2020-03-21
263,Shanta,Hayles,Florida,Others,Active,2020-03-21
264,Shantae,Haylett,Florida,Pass port,Active,2020-03-21
265,Shantay,Haylock,Florida,Pass port,Active,2020-03-21
266,Shante,Haymaker,Florida,Pass port,Active,2020-03-21
267,Shantel,Hayman,Florida,Pass port,Active,2020-03-21
268,Shantell,Haymans,Florida,Pass port,Inactive,2020-03-21
269,Shantelle,Haymer,Texas,Pass port,Active,2020-03-21
270,Shanti,Haymes,Texas,Pass port,Active,2020-03-21
271,Shaquana,Haymon,Texas,Pass port,Active,2020-03-22
272,Shaquita,Haymond,Texas,Pass port,Active,2020-03-22
273,Shara,Haymore,Texas,Pass port,Active,2020-03-22
274,Sharan,Hayn,Texas,Pass port,Active,2020-03-22
275,Sharda,Haynam,Texas,Pass port,Active,2020-03-22
276,Sharee,Hayne,Texas,Pass port,Active,2020-03-22
277,Sharell,Hayner,Texas,Pass port,Active,2020-03-22
278,Sharen,Haynes,Texas,Pass port,Inactive,2020-03-22
279,Shari,Haynesworth,Texas,Pass port,Active,2020-03-22
280,Sharice,Haynie,Texas,Pass port,Active,2020-03-22
281,Sharie,Haynsworth,Texas,Pass port,Active,2020-03-22
282,Sharika,Hayoz,Texas,Pass port,Active,2020-03-22
283,Sharilyn,Hayre,Texas,Pass port,Active,2020-03-22
284,Sharita,Hays,Texas,Driving License,Active,2020-03-22
285,Sharla,Haysbert,Texas,Driving License,Active,2020-03-22
286,Sharleen,Hayse,Texas,Driving License,Active,2020-03-22
287,Sharlene,Hayslett,Texas,Driving License,Active,2020-03-22
288,Sharmaine,Hayslip,Texas,Driving License,Inactive,2020-03-22
289,Sharolyn,Hayter,Texas,Driving License,Active,2020-03-22
290,Sharon,Hayth,Texas,Driving License,Active,2020-03-22
291,Sharonda,Hayton,Texas,Driving License,Active,2020-03-22
292,Sharri,Hayward,Texas,Driving License,Active,2020-03-22
293,Sharron,Haywood,Texas,Driving License,Active,2020-03-22
294,Sharyl,Hayword,Texas,Driving License,Active,2020-03-23
295,Sharyn,Hayworth,Texas,Driving License,Active,2020-03-23
296,Shasta,Hayzlett,Texas,Driving License,Active,2020-03-23
297,Shaun,Haza,Texas,Driving License,Active,2020-03-23
298,Shaun,Hazan,Texas,Driving License,Inactive,2020-03-23
299,Shauna,Hazard,Texas,Driving License,Active,2020-03-23
300,Shaunda,Hazarika,Texas,Driving License,Active,2020-03-23
301,Shaunna,Hazekamp,Texas,Driving License,Active,2020-03-23
302,Shaunta,Hazel,Texas,Driving License,Active,2020-03-23
303,Shaunte,Hazelbaker,Texas,Driving License,Active,2020-03-23
304,Shavon,Hazelbush,Texas,Pass port,Active,2020-03-23
305,Shavonda,Hazelett,Texas,Pass port,Active,2020-03-23
306,Shavonne,Hazelgrove,Texas,Pass port,Active,2020-03-23
307,Shawana,Hazelhurst,Texas,Pass port,Active,2020-03-23
308,Shawanda,Hazelip,Texas,Pass port,Inactive,2020-03-23
309,Shawanna,Hazell,Texas,Pass port,Active,2020-03-23
310,Shawn,Hazelrig,Texas,Pass port,Active,2020-03-23
311,Shawn,Hazelrigg,Texas,Pass port,Active,2020-03-23
312,Shawna,Hazeltine,Texas,Pass port,Active,2020-03-23
313,Shawnda,Hazelton,Texas,Pass port,Active,2020-03-23
314,Shawnee,Hazelwood,Texas,Pass port,Active,2020-03-23
315,Shawnna,Hazen,Texas,Pass port,Active,2020-03-23
316,Shawnta,Hazer,Texas,Pass port,Active,2020-03-23
317,Shay,Hazim,Texas,Pass port,Active,2020-03-24
318,Shayla,Hazinski,Texas,Pass port,Inactive,2020-03-24
319,Shayna,Hazle,Texas,Pass port,Active,2020-03-24
320,Shayne,Hazlegrove,Texas,Pass port,Active,2020-03-24
321,Shayne,Hazleton,Texas,Pass port,Active,2020-03-24
322,Shea,Hazlett,Texas,Pass port,Active,2020-03-24
323,Sheba,Hazlewood,Texas,Pass port,Active,2020-03-24
324,Sheena,Hazley,Texas,Pass port,Active,2020-03-24
325,Sheila,Hazlip,Texas,Green Card,Active,2020-03-24
326,Sheilah,Hazlitt,Texas,Green Card,Active,2020-03-24
327,Shela,Hazouri,Texas,Green Card,Active,2020-03-24
328,Shelba,Hazy,Texas,Green Card,Inactive,2020-03-24
329,Shelby,Hazzard%^%,Texas,Green Card,Active,2020-03-24
330,Shelby,He,Texas,Green Card,Active,2020-03-24
331,Sheldon,Heaberlin,Texas,Green Card,Active,2020-03-24
332,Shelia,Heacock,Texas,Green Card,Active,2020-03-24
333,Shella%^&%&,Heacox,Texas,Green Card,Active,2020-03-24
334,Shelley,Head,Texas,Green Card,Active,2020-03-24
335,Shelli,Headd,Texas,Green Card,Active,2020-03-24
336,Shellie,Heade,New Jersey,Green Card,Active,2020-03-24
337,Shelly,Headen,New Jersey,Green Card,Active,2020-03-24
338,Shelton,Heading,New Jersey,Green Card,Inactive,2020-03-24
339,Shemeka,Headings,New Jersey,Green Card,Active,2020-03-24
340,Shemika,Headington,New Jersey,Green Card,Active,2020-03-24
341,Shena,Headlam,New Jersey,Green Card,Active,2020-03-25
342,Shenika,Headland,New Jersey,Green Card,Active,2020-03-25
343,Shenita,Headlee,New Jersey,Green Card,Active,2020-03-25
344,Shenna,Headley,New Jersey,Green Card,Active,2020-03-25
345,Shera,Headlon,New Jersey,Green Card,Active,2020-03-25
346,Sheree,Headly,New Jersey,Green Card,Active,2020-03-25
347,Sherell,Headman,New Jersey,Green Card,Active,2020-03-25
348,Sheri,Headrick,New Jersey,Green Card,Inactive,2020-03-25
349,Sherice,Heads,New Jersey,Green Card,Active,2020-03-25
350,Sheridan,Heady,New Jersey,Green Card,Active,2020-03-25
351,Sherie,Heafey,New Jersey,Green Card,Active,2020-03-25
352,Sherika,Heafner,New Jersey,Driving License,Active,2020-03-25
353,Sherill,Heagany,New Jersey,Driving License,Active,2020-03-25
354,Sherilyn,Heagle,New Jersey,Driving License,Active,2020-03-25
355,Sherise,Heagney,New Jersey,Driving License,Active,2020-03-25
356,Sherita,Heagy,New Jersey,Driving License,Active,2020-03-25
357,Sherlene,Heaivilin,New Jersey,Driving License,Active,2020-03-25
358,Sherley,Heal,New Jersey,Driving License,Inactive,2020-03-25
359,Sherly,Healan,New Jersey,Driving License,Active,2020-03-25
360,Sherlyn,Heald,New Jersey,Driving License,Active,2020-03-25
361,Sherman,Healey,New Jersey,Driving License,Active,2020-03-25
362,Sheron,Heally,New Jersey,Driving License,Active,2020-03-25
363,Sherrell,Healy,New Jersey,Driving License,Active,2020-03-25
364,Sherri,Heam,New Jersey,Driving License,Active,2020-03-25
365,Sherrie,Hean,New Jersey,Driving License,Active,2020-03-25
366,Sherril,Heaney,New Jersey,Driving License,Active,2020-03-26
367,Sherrill,Heang,New Jersey,Driving License,Active,2020-03-26
368,Sherron,Heany,New Jersey,Driving License,Inactive,2020-03-26
369,Sherry,Heap,New Jersey,Driving License,Active,2020-03-26
370,Sherryl,Heape,New Jersey,Driving License,Active,2020-03-26
371,Sherwood,Heaphy,New Jersey,Driving License,Active,2020-03-26
372,Shery,Heaps,New Jersey,Driving License,Active,2020-03-26
373,Sheryl,Heard,New Jersey,Driving License,Active,2020-03-26
374,Sheryll,Heare,New Jersey,Driving License,Active,2020-03-26
375,Shiela,Hearin,New Jersey,Driving License,Active,2020-03-26
376,Shila,Hearing,New Jersey,Driving License,Active,2020-03-26
377,Shiloh,Hearl,New Jersey,Pass port,Active,2020-03-26
378,Shin,Hearn,New Jersey,Pass port,Inactive,2020-03-26
379,Shira,Hearne,New Jersey,Pass port,Active,2020-03-26
380,Shirely,Hearnen,New Jersey,Pass port,Active,2020-03-26
381,Shirl,Hearns,New Jersey,Pass port,Active,2020-03-26
382,Shirlee,Hearnsberger,New Jersey,Pass port,Active,2020-03-26
383,Shirleen,Hearon,New Jersey,Pass port,Active,2020-03-26
384,Shirlene,Hearron,New Jersey,Pass port,Active,2020-03-26
385,Shirley,Hearson,New Jersey,Pass port,Active,2020-03-26
386,Shirley,Hearst,New Jersey,Pass port,Active,2020-03-26
387,Shirly,Hearston,New Jersey,Pass port,Active,2020-03-26
388,Shizue,Heart,New Jersey,Pass port,Inactive,2020-03-26
389,Shizuko,Heartley,New Jersey,Pass port,Active,2020-03-26
390,Shon,Heartsill,New Jersey,Pass port,Active,2020-03-26
391,Shona,Heartz,New Jersey,Pass port,Active,2020-03-26
392,Shonda,Heaslet,New Jersey,Pass port,Active,2020-03-26
393,Shondra,Heasley,New Jersey,Pass port,Active,2020-03-27
394,Shonna,Heaslip,New Jersey,Pass port,Active,2020-03-27
395,Shonta,Heaston,New Jersey,Pass port,Active,2020-03-27
396,Shoshana,Heater,New Jersey,Pass port,Active,2020-03-27
397,Shu,Heath,New Jersey,Pass port,Active,2020-03-27
398,Shyla,Heathcock,New Jersey,Driving License,Inactive,2020-03-27
399,Sibyl,Heathcote,New Jersey,Driving License,Active,2020-03-27
400,Sid,Heather,New Jersey,Driving License,Active,2020-03-27
401,Sidney,Heatherington,New Jersey,Driving License,Active,2020-03-27
402,Sidney,Heatherly,New Jersey,Driving License,Active,2020-03-27
403,Sierra,Heathershaw,New Jersey,Driving License,Active,2020-03-27
404,Signe,Heatherton,New Jersey,Driving License,Active,2020-03-27
405,Sigrid,Heathman,New Jersey,Driving License,Active,2020-03-27
406,Silas,Heatley,New Jersey,Driving License,Active,2020-03-27
407,Silva,Heatly,New Jersey,Driving License,Active,2020-03-27
408,Silvana,Heaton,New Jersey,Pass port,Inactive,2020-03-27
409,Silvia,Heatwole,New Jersey,Pass port,Active,2020-03-27
410,Sima,Heavener,New Jersey,Pass port,Active,2020-03-27
411,Simon,Heaviland,New Jersey,Pass port,Active,2020-03-27
412,Simona,Heavilin,New Jersey,Pass port,Active,2020-03-27
413,Simone,Heavin,New Jersey,Pass port,Active,2020-03-27
414,Simonne,Heavner,New Jersey,Pass port,Active,2020-03-27
415,Sina,Heavrin,New Jersey,Pass port,Active,2020-03-27
416,Sindy,Hebard,New Jersey,Pass port,Active,2020-03-27
417,Siobhan,Hebb,Texas,Pass port,Active,2020-03-27
418,Sirena,Hebblethwaite,Texas,Pass port,Inactive,2020-03-27
419,Siu,Hebda,Texas,Pass port,Active,2020-03-27
420,Sixta,Hebden,Texas,Pass port,Active,2020-03-28
421,Skye,Hebdon,Texas,Pass port,Active,2020-03-28
422,Slyvia,Hebeisen,Texas,Pass port,Active,2020-03-28
423,So,Hebel,Texas,Pass port,Active,2020-03-28
424,Socorro,Hebenstreit,Texas,Pass port,Active,2020-03-28
425,Sofia,Heber,Texas,Pass port,Active,2020-03-28
426,Soila,Heberer,Texas,Pass port,Active,2020-03-28
427,Sol,Heberle,Texas,Pass port,Active,2020-03-28
428,Sol,Heberlein,Texas,Pass port,Inactive,2020-03-28
429,Solange,Heberling,Texas,Others,Active,2020-03-28
430,Soledad,Heberly,Texas,Others,Active,2020-03-28
431,Solomon,Hebert,Texas,Others,Active,2020-03-28
432,Somer,Hebets,Texas,Others,Active,2020-03-28
433,Sommer,Hebig,Texas,Others,Active,2020-03-28
434,Son,Hebner,Texas,Others,Active,2020-03-28
435,Son,Hebrank,Texas,Others,Active,2020-03-28
436,Sona,Hebrard,Texas,Others,Active,2020-03-28
437,Sondra,Hebron,Texas,Others,Active,2020-03-28
438,Song,Hebsch,Texas,Others,Inactive,2020-03-28
439,Sonia,Hechinger,Texas,Others,Active,2020-03-28
440,Sonja,Hechmer,Texas,Others,Active,2020-03-28
441,Sonny,Hecht,Texas,Others,Active,2020-03-28
442,Sonya,Heck,Texas,Others,Active,2020-03-28
443,Soo,Heckaman,Texas,Others,Active,2020-03-28
444,Sook,Heckard,Texas,Others,Active,2020-03-28
445,Soon,Heckart,Texas,Others,Active,2020-03-28
446,Sophia,Heckathorn,Texas,Others,Active,2020-03-28
447,Sophie,Heckathorne,Texas,Others,Active,2020-03-29
448,Soraya,Heckbert,Texas,Others,Inactive,2020-03-29
449,Sparkle,Hecke,Texas,Others,Active,2020-03-29
450,Spencer,Heckel,Texas,Others,Active,2020-03-29
451,Spring,Heckenberg,Texas,Green Card,Active,2020-03-29
452,Stacee,Heckendorf,Texas,Green Card,Active,2020-03-29
453,Stacey,Hecker,Texas,Green Card,Active,2020-03-29
454,Stacey,Heckerman,Texas,Green Card,Active,2020-03-29
455,Staci,Heckers,Texas,Green Card,Active,2020-03-29
456,Stacia,Heckert,Texas,Green Card,Active,2020-03-29
457,Stacie,Heckford,Texas,Green Card,Active,2020-03-29
458,Stacy,Heckle,Texas,Green Card,Inactive,2020-03-29
459,Stacy,Heckler,Texas,Green Card,Active,2020-03-29
460,Stan,Heckman,Texas,Green Card,Active,2020-03-29
461,Stanford,Heckmann,Texas,Green Card,Active,2020-03-29
462,Stanley,Heckstall,Texas,Green Card,Active,2020-03-29
463,Stanton,Hecox,Texas,Green Card,Active,2020-03-29
464,Star,Hect,Texas,Green Card,Active,2020-03-29
465,Starla,Hector,Texas,Green Card,Active,2020-03-29
466,Starr,Hedberg,Texas,Driving License,Active,2020-03-29
467,Stasia,Hedden,Texas,Driving License,Active,2020-03-29
468,Stefan,Hedding,Texas,Driving License,Inactive,2020-03-29
469,Stefani,Heddins,Texas,Driving License,Active,2020-03-29
470,Stefania,Heddleson,Texas,Driving License,Active,2020-03-29
471,Stefanie,Heddlesten,Texas,Driving License,Active,2020-03-29
472,Stefany,Hedeen,Texas,Driving License,Active,2020-03-29
473,Steffanie,Hedegaard,Texas,Pass port,Active,2020-03-29
474,Stella,Hedegore,Texas,Pass port,Active,2020-03-30
475,Stepanie,Hedeiros,Texas,Pass port,Active,2020-03-30
476,Stephaine,Hedemann,Texas,Pass port,Active,2020-03-30
477,Stephan,Hedge,Texas,Pass port,Active,2020-03-30
478,Stephane,Hedgebeth,2324,Pass port,Inactive,2020-03-30
479,Stephani,Hedgecock,,Pass port,Active,2020-03-30
480,Stephania,Hedgepath,,Pass port,Active,2020-03-30
481,Stephanie,Hedgepeth,der45,Pass port,Active,2020-03-30
482,Stephany,Hedger,Texas123@,Pass port,Active,2020-03-30
483,Stephen,Hedges,Georgia,Pass port,Active,2020-03-30
484,Stephen,Hedgespeth,Georgia,Pass port,Active,2020-03-30
485,Stephenie,Hedglin,Georgia,Pass port,Active,2020-03-30
486,Stephine,Hedgpeth,Georgia,Pass port,Active,2020-03-30
487,Stephnie,Hediger,Georgia,Pass port,Active,2020-03-30
488,Sterling,Hedin,Georgia,Pass port,Inactive,2020-03-30
489,Steve,Hedinger,Georgia,Pass port,Active,2020-03-30
490,Steven,Hedler,Georgia,Pass port,Active,2020-03-30
491,Steven,Hedley,Georgia,Pass port,Active,2020-03-30
492,Stevie,Hedlund,Georgia,Pass port,Active,2020-03-30
493,Stevie,Hedman,Georgia,Pass port,Active,2020-03-30
494,Stewart,Hedon,Georgia,Green Card,Active,2020-03-30
495,Stormy,Hedquist,Georgia,Green Card,Active,2020-03-30
496,Stuart,Hedrich,Georgia,Green Card,Active,2020-03-30
497,Su,Hedrick,Georgia,Green Card,Active,2020-03-30
498,Suanne,Hedrington,Georgia,Green Card,Inactive,2020-03-30
499,Sudie,Hedrix,Georgia,Green Card,Active,2020-03-30
500,Sue,Hedspeth,Georgia,Green Card,Active,2020-03-30
501,Sueann,Hedstrom,Georgia,Green Card,Active,2020-03-30
502,Suellen,Hedtke,Georgia,Green Card,Active,2020-03-31
503,Suk,Hee,Georgia,Green Card,Active,2020-03-31
504,Sulema,Heebner,Georgia,Green Card,Active,2020-03-31
505,Sumiko,Heebsh,Georgia,Green Card,Active,2020-03-31
506,Summer,Heefner,Georgia,Green Card,Active,2020-03-31
507,Sun,Heeg,Georgia,Green Card,Active,2020-03-31
508,Sunday,Heelan,Georgia,Green Card,Inactive,2020-03-31
509,Sung,Heemstra,Georgia,Green Card,Active,2020-03-31
510,Sung,Heenan,Georgia,Green Card,Active,2020-03-31
511,Sunni,Heeney,Georgia,Green Card,Active,2020-03-31
512,Sunny,Heep,Georgia,Green Card,Active,2020-03-31
513,Sunshine,Heer,Georgia,Green Card,Active,2020-03-31
514,Susan,Heeralall,Georgia,Green Card,Active,2020-03-31
515,Susana,Heerdt,Georgia,Green Card,Active,2020-03-31
516,Susann,Heeren,Georgia,Green Card,Active,2020-03-31
517,Susanna,Heerkes,Georgia,Green Card,Active,2020-03-31
518,Susannah,Heern,Georgia,Green Card,Inactive,2020-03-31
519,Susanne,Heers,Georgia,Green Card,Active,2020-03-31
520,Susie,Heersink,Georgia,Green Card,Active,2020-03-31
521,Susy,Heery,Georgia,Green Card,Active,2020-03-31
522,Suzan,Heesch,Georgia,Green Card,Active,2020-03-31
523,Suzann,Heese,Georgia,Green Card,Active,2020-03-31
524,Suzanna,Heeter,Georgia,Driving License,Active,2020-03-31
525,Suzanne,Heeth,Georgia,Driving License,Active,2020-03-31
526,Suzette,Hefel,Georgia,Driving License,Active,2020-03-31
527,Suzi,Heffelbower,Georgia,Driving License,Active,2020-03-31
528,Suzie,Heffelfinger,Georgia,Driving License,Inactive,2020-03-31
529,Suzy,Hefferan,Georgia,Driving License,Active,2020-03-31
530,Svetlana,Hefferman,Georgia,Driving License,Active,2020-04-01
531,Sybil,Heffern,Georgia,Driving License,Active,2020-04-01
532,Syble,Heffernan,Georgia,Driving License,Active,2020-04-01
533,Sydney,Heffernen,Georgia,Driving License,Active,2020-04-01
534,Sydney,Hefferon,Georgia,Driving License,Active,2020-04-01
535,Sylvester,Heffington,Georgia,Driving License,Active,2020-04-01
536,Sylvia,Heffler,Georgia,Driving License,Active,2020-04-01
537,Sylvie,Heffley,Georgia,Driving License,Active,2020-04-01
538,Synthia,Hefflinger,Georgia,Driving License,Inactive,2020-04-01
539,Syreeta,Heffner,Georgia,Green Card,Active,2020-04-01
540,Gil,Heffren,Georgia,Green Card,Active,2020-04-01
541,Gilbert,Heffron,Georgia,Green Card,Active,2020-04-01
542,Gilberte,Hefler,Georgia,Green Card,Active,2020-04-01
543,Gilberto,Hefley,Georgia,Green Card,Active,2020-04-01
544,Gilda,Heflin,Georgia,Green Card,Active,2020-04-01
545,Gillian,Hefner,Georgia,Green Card,Active,2020-04-01
546,Gilma,Heft,Georgia,Green Card,Active,2020-04-01
547,Gina,Hefter,Georgia,Green Card,Active,2020-04-01
548,Ginette,Hefti,Georgia,Green Card,Inactive,2020-04-01
549,Ginger,Hefty,Georgia,Green Card,Active,2020-04-01
550,Ginny,Hegan,Georgia,Green Card,Active,2020-04-01
551,Gino,Hegarty,Georgia,Green Card,Active,2020-04-01
552,Giovanna,Hegdahl,Georgia,Green Card,Active,2020-04-01
553,Giovanni,Hege,Georgia,Green Card,Active,2020-04-01
554,Gisela,Hegedus,Georgia,Others,Active,2020-04-01
555,Gisele,Hegel,Georgia,Others,Active,2020-04-01
556,Giselle,Hegeman,Georgia,Others,Active,2020-04-01
557,Gita,Hegener,Georgia,Others,Active,2020-04-01
558,Giuseppe,Heger,Georgia,Others,Inactive,2020-04-01
559,Giuseppina,Hegg,Georgia,Others,Active,2020-04-02
560,Gladis,Heggan,Georgia,Others,Active,2020-04-02
561,Glady,Hegge,Georgia,Others,Active,2020-04-02
562,Gladys,Heggen,Georgia,Others,Active,2020-04-02
563,Glayds,Heggestad,Georgia,Pass port,Active,2020-04-02
564,Glen,Heggie,Georgia,Pass port,Active,2020-04-02
565,Glenda,Heggins,Georgia,Pass port,Active,2020-04-02
566,Glendora,Heggood,Georgia,Pass port,Active,2020-04-02
567,Glenn,Heggs,Georgia,Pass port,Active,2020-04-02
568,Glenn,Hegland,Georgia,Pass port,Inactive,2020-04-02
569,Glenna,Heglar,Georgia,Pass port,Active,2020-04-02
570,Glennie,Hegler,Georgia,Pass port,Active,2020-04-02
571,Glennis,Heglin,Georgia,Pass port,Active,2020-04-02
572,Glinda,Heglund,Georgia,Pass port,Active,2020-04-02
573,Gloria,Hegmann,Georgia,Pass port,Active,2020-04-02
574,Glory,Hegna,Georgia,Pass port,Active,2020-04-02
575,Glynda,Hegner,Georgia,Pass port,Active,2020-04-02
576,Glynis,Hegre,Georgia,Pass port,Active,2020-04-02
577,Golda,Hegstad,Georgia,Pass port,Active,2020-04-02
578,Golden,Hegwer,Georgia,Pass port,Inactive,2020-04-02
579,Goldie,Hegwood,Georgia,Pass port,Active,2020-04-02
580,Gonzalo,Hegyi,Georgia,Pass port,Active,2020-04-02
581,Gordon,Hehir,Georgia,Pass port,Active,2020-04-02
582,Grace,Hehl,Georgia,Pass port,Active,2020-04-02
583,Gracia,Hehn,Georgia,Pass port,Active,2020-04-02
584,Gracie,Heholt,Georgia,Pass port,Active,2020-04-02
585,Graciela,Hehr,Georgia,Pass port,Active,2020-04-02
586,Grady,Heibel,Georgia,Green Card,Active,2020-04-02
587,Graham,Heiberg,Georgia,Green Card,Active,2020-04-02
588,Graig,Heiberger,Georgia,Green Card,Inactive,2020-04-03
589,Grant,Heibult,Georgia,Green Card,Active,2020-04-03
590,Granville,Heichel,Georgia,Green Card,Active,2020-04-03
591,Grayce,Heick,Georgia,Green Card,Active,2020-04-03
592,Grazyna,Heid,Georgia,Green Card,Active,2020-04-03
593,Greg,Heidbreder,Georgia,Green Card,Active,2020-04-03
594,Gregg,Heide,Georgia,Green Card,Active,2020-04-03
595,Gregoria,Heidebrecht,Georgia,Green Card,Active,2020-04-03
596,Gregorio,Heidebrink,Georgia,Green Card,Active,2020-04-03
597,Gregory,Heidecker,Georgia,Green Card,Active,2020-04-03
598,Gregory,Heidel,Georgia,Green Card,Inactive,2020-04-03
599,Greta,Heidelberg,Georgia,Green Card,Active,2020-04-03
600,Gretchen,Heidelberger,Georgia,Green Card,Active,2020-04-03
601,Gretta,Heidelburg,Georgia,Driving License,Active,2020-04-03
602,Gricelda,Heidema,Georgia,Driving License,Active,2020-04-03
603,Grisel,Heideman,Georgia,Driving License,Active,2020-04-03
604,Griselda,Heidemann,Georgia,Driving License,Active,2020-04-03
605,Grover,Heiden,Georgia,Driving License,Active,2020-04-03
606,Guadalupe,Heidenescher,Georgia,Driving License,Active,2020-04-03
607,Guadalupe,Heidenreich,Georgia,Driving License,Active,2020-04-03
608,Gudrun,Heider,Georgia,Driving License,Inactive,2020-04-03
609,Guillermina,Heiderman,Georgia,Driving License,Active,2020-04-03
610,Guillermo,Heidgerken,Georgia,Driving License,Active,2020-04-03
611,Gus,Heidi,Georgia,Driving License,Active,2020-04-03
612,Gussie,Heidinger,Georgia,Driving License,Active,2020-04-03
613,Gustavo,Heidkamp,Georgia,Driving License,Active,2020-04-03
614,Guy,Heidler,Georgia,Driving License,Active,2020-04-03
615,Gwen,Heidmann,Georgia,Driving License,Active,2020-04-03
616,Gwenda,Heidorn,Georgia,Driving License,Active,2020-04-03
617,Gwendolyn,Heidrich,Georgia,Driving License,Active,2020-04-03
618,Gwenn,Heidrick,Georgia,Driving License,Inactive,2020-04-03
619,Gwyn,Heidt,Georgia,Driving License,Active,2020-04-04
620,Gwyneth,Heidtbrink,Georgia,Driving License,Active,2020-04-04
621,Ha,Heidtke,Georgia,Driving License,Active,2020-04-04
622,Hae,Heidtman,Georgia,Driving License,Active,2020-04-04
623,Hazel,Heier,Georgia,Pass port,Active,2020-04-04
624,Heath,Heiermann,Georgia,Pass port,Active,2020-04-04
625,Heather,Heifner,Georgia,Pass port,Active,2020-04-04
626,Hector,Heigh,Georgia,Pass port,Active,2020-04-04
627,Hedwig,Height,Georgia,Pass port,Active,2020-04-04
628,Hedy,Heigl,Georgia,Pass port,Inactive,2020-04-04
629,Hee,Heiken,Georgia,Pass port,Active,2020-04-04
630,Heide,Heikes,Georgia,Pass port,Active,2020-04-04
631,Heidi,Heikkila,Georgia,Pass port,Active,2020-04-04
632,Heidy,Heikkinen,Georgia,Pass port,Active,2020-04-04
633,Heike,Heil,Georgia,Pass port,Active,2020-04-04
634,Helaine,Heilbron,Georgia,Pass port,Active,2020-04-04
635,Helen,Heilbrun,Georgia,Pass port,Active,2020-04-04
636,Helena,Heileman,Georgia,Pass port,Active,2020-04-04
637,Helene,Heiler,Georgia,Pass port,Active,2020-04-04
638,Helga,Heilig,Georgia,Pass port,Inactive,2020-04-04
639,Hellen,Heiliger,Georgia,Pass port,Active,2020-04-04
640,Henrietta,Heilman,Georgia,Pass port,Active,2020-04-04
641,Henriette,Heilmann,Georgia,Pass port,Active,2020-04-04
642,Henry,Heim,Georgia,Pass port,Active,2020-04-04
643,Henry,Heiman,Georgia,Pass port,Active,2020-04-04
644,Herb,Heimann,Georgia,Others,Active,2020-04-04
645,Herbert,Heimark,Georgia,Others,Active,2020-04-04
646,Heriberto,Heimbach,Georgia,Green Card,Active,2020-04-04
647,Herlinda,Heimbaugh,Georgia,Green Card,Active,2020-04-04
648,Herma,Heimbigner,Georgia,Green Card,Inactive,2020-04-04
649,Herman,Heimbuch,Georgia,Green Card,Active,2020-04-05
650,Hermelinda,Heimburger,Georgia,Green Card,Active,2020-04-05
651,Hermila,Heimer,Georgia,Green Card,Active,2020-04-05
652,Hermina,Heimerdinger,Georgia,Green Card,Active,2020-04-05
653,Hermine,Heimerl,Georgia,Green Card,Active,2020-04-05
654,Herminia,Heimlich,Georgia,Green Card,Active,2020-04-05
655,Herschel,Heimlicher,Georgia,Green Card,Active,2020-04-05
656,Hershel,Heimrich,Georgia,Green Card,Active,2020-04-05
657,Herta,Heims^*&*(,Georgia,Green Card,Active,2020-04-05
658,Hertha,Heimsness,Georgia,Green Card,Inactive,2020-04-05
659,Hester,Heimsoth,Georgia,Green Card,Active,2020-04-05
660,HettieR%^%,Hein,Georgia,Green Card,Active,2020-04-05
661,Hiedi,Heinandez,Georgia,Driving License,Active,2020-04-05
662,Hien,Heinbach,Georgia,Driving License,Active,2020-04-05
663,Hilaria,Heinbaugh,Georgia,Driving License,Active,2020-04-05
664,Hilario,Heindel,Georgia,Driving License,Active,2020-04-05
665,Hilary,Heindl,Georgia,Driving License,Active,2020-04-05
666,Hilda,Heine,Georgia,Driving License,Active,2020-04-05
667,Hilde,Heineck,Georgia,Driving License,Active,2020-04-05
668,Hildegard,Heinecke,Georgia,Green Card,Inactive,2020-04-05
669,Hildegarde,Heineken,Georgia,Green Card,Active,2020-04-05
670,Hildred,Heineman,Georgia,Green Card,Active,2020-04-05
671,Hillary,Heinemann,Georgia,Green Card,Active,2020-04-05
672,Hilma,Heinemeyer,Georgia,Green Card,Active,2020-04-05
673,Hilton,Heinen,Georgia,Green Card,Active,2020-04-05
674,Hipolito,Heiner,Georgia,Green Card,Active,2020-04-05
675,Hiram,Heines,Georgia,Green Card,Active,2020-04-05
676,Hiroko,Heiney,Georgia,Green Card,Active,2020-04-05
677,Hisako,Heingartner,Georgia,Green Card,Active,2020-04-05
678,Hoa,Heinicke,Georgia,Green Card,Inactive,2020-04-05
679,Hobert,Heinig,Georgia,Green Card,Active,2020-04-06
680,Holley,Heiniger,Georgia,Green Card,Active,2020-04-06
681,Holli,Heininger,Georgia,Green Card,Active,2020-04-06
682,Hollie,Heinis,Georgia,Green Card,Active,2020-04-06
683,Hollis,Heinitz,Georgia,Pass port,Active,2020-04-06
684,Hollis,Heinke,Georgia,Green Card,Active,2020-04-06
685,Holly,Heinl,Georgia,Green Card,Active,2020-04-06
686,Homer,Heinle,Georgia,Green Card,Active,2020-04-06
687,Honey,Heinlein,Georgia,Green Card,Active,2020-04-06
688,Hong,Heinlen,Georgia,Green Card,Inactive,2020-04-06
689,Hong,Heinly,Georgia,Green Card,Active,2020-04-06
690,Hope,Heino,California,Green Card,Active,2020-04-06
691,Horace,Heinold,California,Green Card,Active,2020-04-06
692,Horacio,Heinonen,California,Green Card,Active,2020-04-06
693,Hortencia,Heinrich,California,Green Card,Active,2020-04-06
694,Hortense,Heinricher,California,Green Card,Active,2020-04-06
695,Hortensia,Heinrichs,California,Green Card,Active,2020-04-06
696,Hosea,Heinritz,California,Green Card,Active,2020-04-06
697,Houston,Heins,California,Green Card,Active,2020-04-06
698,Howard,Heinsohn,California,Green Card,Inactive,2020-04-06
699,Hoyt,Heintz,California,Others,Active,2020-04-06
700,Hsiu,Heintzelman,California,Others,Active,2020-04-06
701,Hubert,Heintzman,California,Others,Active,2020-04-06
702,Hue,Heiny,California,Green Card,Active,2020-04-06
703,Huey,Heinz,California,Green Card,Active,2020-04-06
704,Hugh,Heinze,California,Green Card,Active,2020-04-06
705,Hugo,Heinzelman,California,Green Card,Active,2020-04-06
706,Hui,Heinzen,California,Green Card,Active,2020-04-06
707,Hulda,Heinzerling,California,Green Card,Active,2020-04-06
708,Humberto,Heinzig,California,Green Card,Inactive,2020-04-06
709,Hung,Heinzle,California,Green Card,Active,2020-04-07
710,Hunter,Heinzman,California,Green Card,Active,2020-04-07
711,Huong,Heinzmann,California,Green Card,Active,2020-04-07
712,Hwa,Heiple,California,Green Card,Active,2020-04-07
713,Hyacinth,Heir,California,Green Card,Active,2020-04-07
714,Hye,Heird,California,Green Card,Active,2020-04-07
715,Hyman,Heirendt,California,Green Card,Active,2020-04-07
716,Hyo,Heiro,California,Green Card,Active,2020-04-07
717,Hyon,Heisdorffer,California,Driving License,Active,2020-04-07
718,Hyun,Heise,California,Driving License,Inactive,2020-04-07
719,Ian,Heisel,California,Driving License,Active,2020-04-07
720,Ida,Heiser,California,Driving License,Active,2020-04-07
721,Idalia,Heiserman,California,Driving License,Active,2020-04-07
722,Idell,Heisey,California,Driving License,Active,2020-04-07
723,Idella,Heishman,California,Driving License,Active,2020-04-07
724,Iesha,%^$&,California,Pass port,Active,2020-04-07
725,Ignacia,Heisinger,California,Pass port,Active,2020-04-07
726,Ignacio,Heiskell,California,Pass port,Active,2020-04-07
727,Ike%^$*,Heisler,California,Pass port,Active,2020-04-07
728,Ila,Heisner,California,Pass port,Inactive,2020-04-07
729,Ilana,Heiss,California,Pass port,Active,2020-04-07
730,Ilda,Heisse,California,Pass port,Active,2020-04-07
731,Ileana,Heisser,California,Pass port,Active,2020-04-07
732,Ileen,Heisserer,California,Pass port,Active,2020-04-07
733,Ilene,Heist,California,Pass port,Active,2020-04-07
734,Iliana,Heistand,California,Pass port,Active,2020-04-07
735,Illa,Heister,California,Pass port,Active,2020-04-07
736,Ilona,Heit,California,Pass port,Active,2020-04-07
737,Ilse,Heitbrink,California,Pass port,Active,2020-04-07
738,Iluminada,Heitger,California,Pass port,Inactive,2020-04-07
739,Ima,Heither,California,Pass port,Active,2020-04-07
740,Imelda,Heiting,California,Pass port,Active,2020-04-08
741,Imogene,Heitkamp,California,Pass port,Active,2020-04-08
742,In,Heitland,California,Pass port,Active,2020-04-08
743,Ina,Heitman,California,Green Card,Active,2020-04-08
744,India,Heitmann,California,Green Card,Active,2020-04-08
745,Indira,Heitmeyer,California,Green Card,Active,2020-04-08
746,Inell,Heitmuller,California,Green Card,Active,2020-04-08
747,Ines,Heitner,California,Green Card,Active,2020-04-08
748,Inez,Heitschmidt,California,Green Card,Inactive,2020-04-08
749,Inga,Heitz,California,Green Card,Active,2020-04-08
750,Inge,Heitzman,California,Green Card,Active,2020-04-08
751,Ingeborg,Heitzmann,California,Green Card,Active,2020-04-08
752,Inger,Heizer,California,Green Card,Active,2020-04-08
753,Ingrid,Heizman,California,Green Card,Active,2020-04-08
754,Inocencia,Hejl,California,Green Card,Active,2020-04-08
755,Iola,Hejny,California,Green Card,Active,2020-04-08
756,Iona,Hekman,California,Green Card,Active,2020-04-08
757,Ione,Hektner,California,Green Card,Active,2020-04-08
758,Ira,Helaire,California,Driving License,Inactive,2020-04-08
759,Ira,Helander,California,Driving License,Active,2020-04-08
760,Iraida,Helberg,California,Driving License,Active,2020-04-08
761,Irena,Helbert,California,Driving License,Active,2020-04-08
762,Irene,Helbig,California,Driving License,Active,2020-04-08
763,Irina,Helbing,California,Driving License,Active,2020-04-08
764,Iris,Helble,California,Driving License,Active,2020-04-08
765,Irish,Helbling,California,Driving License,Active,2020-04-08
766,Irma,Held,California,Driving License,Active,2020-04-08
767,Irmgard,Helde,California,Driving License,Active,2020-04-08
768,Irvin,Heldenbrand,California,Driving License,Inactive,2020-04-08
769,Irving,Helder,California,Driving License,Active,2020-04-08
770,Irwin,Helderman,California,Driving License,Active,2020-04-08
771,Isa,Heldman,California,Driving License,Active,2020-04-09
772,Isaac,Heldreth,California,Green Card,Active,2020-04-09
773,Isabel,Heldt,California,Green Card,Active,2020-04-09
774,Isabell,Hele,California,Green Card,Active,2020-04-09
775,Isabella,Helem,California,Green Card,Active,2020-04-09
776,Isabelle,Helems,California,Green Card,Active,2020-04-09
777,Isadora,Helen,California,Green Card,Active,2020-04-09
778,Isaiah,Helena,California,Green Card,Inactive,2020-04-09
779,Isaias,Helf,California,Green Card,Active,2020-04-09
780,Isaura,Helfen,California,Green Card,Active,2020-04-09
781,Isela,Helfenbein,California,Green Card,Active,2020-04-09
782,Isiah,Helfenstein,California,Green Card,Active,2020-04-09
783,Isidra,Helfer,California,Green Card,Active,2020-04-09
784,Isidro,Pellow,California,Green Card,Active,2020-04-09
785,Isis,Pellowski,California,Green Card,Active,2020-04-09
786,Ismael,Pellum,California,Driving License,Active,2020-04-09
787,Isobel,Pelman,California,Driving License,Active,2020-04-09
788,Israel,Pelnar,California,Driving License,Inactive,2020-04-09
789,Isreal,Pelo,California,Driving License,Active,2020-04-09
790,Issac,Peloquin,California,Driving License,Active,2020-04-09
791,Iva,Pelosi,California,Driving License,Active,2020-04-09
792,Ivan,Peloso,California,Driving License,Active,2020-04-09
793,Ivana,Pelot,California,Driving License,Active,2020-04-09
794,Ivelisse,Pelote,California,Driving License,Active,2020-04-09
795,Ivette,Pelotte,California,Driving License,Active,2020-04-09
796,Ivey,Pelow,California,Pass port,Active,2020-04-09
797,Ivonne,Pelphrey,California,Pass port,Active,2020-04-09
798,Ivory,Pelt,California,Pass port,Inactive,2020-04-09
799,Ivory,Pelter,California,Pass port,Active,2020-04-09
800,Ivy,Peltier,California,Pass port,Active,2020-04-09
801,Izetta,Pelto,California,Pass port,Active,2020-04-09
802,Izola,Pelton,California,Pass port,Active,2020-04-10
803,Ja,Peltz,California,Pass port,Active,2020-04-10
804,Jacalyn,Peltzer,California,Pass port,Active,2020-04-10
805,Jacelyn,Peluse,California,Pass port,Active,2020-04-10
806,Jacinda,Peluso,California,Pass port,Active,2020-04-10
807,Jacinta,Pelyo,California,Pass port,Active,2020-04-10
808,Jacinto,Pelz,California,Pass port,Inactive,2020-04-10
809,Jack,Pelzel,California,Pass port,Active,2020-04-10
810,Jack,Pelzer,California,Pass port,Active,2020-04-10
811,Jackeline,Pember,California,Pass port,Active,2020-04-10
812,Jackelyn,Pemberton,California,Pass port,Active,2020-04-10
813,Jacki,Pemble,California,Pass port,Active,2020-04-10
814,Jackie,Pembleton,California,Pass port,Active,2020-04-10
815,Jackie,Pembroke,California,Pass port,Active,2020-04-10
816,Jacklyn,Pembrook,California,Pass port,Active,2020-04-10
817,Jackqueline,Pemelton,California,Green Card,Active,2020-04-10
818,Jackson,Pen,California,Green Card,Inactive,2020-04-10
819,Jaclyn,Pena,California,Green Card,Active,2020-04-10
820,Jacob,Penado,California,Green Card,Active,2020-04-10
821,Jacqualine,Penaflor,California,Green Card,Active,2020-04-10
822,Jacque,Penagos,California,Green Card,Active,2020-04-10
823,Jacquelin,Penaherrera,California,Green Card,Active,2020-04-10
824,Jacqueline,Penale,California,Green Card,Active,2020-04-10
825,Jacquelyn,Penalosa,California,Green Card,Active,2020-04-10
826,Jacquelyne,Penaloza,California,Green Card,Active,2020-04-10
827,Jacquelynn,Penalver,California,Green Card,Active,2020-04-10
828,Jacques,Penanegra,California,Green Card,Inactive,2020-04-10
829,Jacquetta,Penas,California,Green Card,Active,2020-04-10
830,Jacqui,Penasa,California,Green Card,Active,2020-04-10
831,Jacquie,Penatac,California,Green Card,Active,2020-04-10
832,Jacquiline,Penate,California,Driving License,Active,2020-04-10
833,Jacquline,Penaz,California,Driving License,Active,2020-04-11
834,Jacqulyn,Penberthy,California,Driving License,Active,2020-04-11
835,Jada,Pencak,California,Driving License,Active,2020-04-11
836,Jade,Pence,California,Driving License,Active,2020-04-11
837,Jadwiga,Penceal,California,Driving License,Active,2020-04-11
838,Jae,Pencek,California,Driving License,Inactive,2020-04-11
839,Jae,Pencil,California,Driving License,Active,2020-04-11
840,Jaime,Pendarvis,California,Driving License,Active,2020-04-11
841,Jaime,Pendegraft,California,Driving License,Active,2020-04-11
842,Jaimee,Pendelton,California,Driving License,Active,2020-04-11
843,Jaimie,Pender,California,Driving License,Active,2020-04-11
844,Jake,Penderel,California,Driving License,Active,2020-04-11
845,Jaleesa,Pendergast,California,Driving License,Active,2020-04-11
846,Jalisa,Pendergraft,California,Driving License,Active,2020-04-11
847,Jama,Pendergraph,California,Driving License,Active,2020-04-11
848,Jamaal,Pendergrass,California,Driving License,Inactive,2020-04-11
849,Jamal,Pendergrast,California,Driving License,Active,2020-04-11
850,Jamar,Penders,California,Driving License,Active,2020-04-11
851,Jame,Pendexter,California,Driving License,Active,2020-04-11
852,Jame,Pendill,California,Driving License,Active,2020-04-11
853,Jamee,Pendl,California,Green Card,Active,2020-04-11
854,Jamel,Pendleton,California,Green Card,Active,2020-04-11
855,James,Pendley,California,Green Card,Active,2020-04-11
856,James,Pendola,California,Green Card,Active,2020-04-11
857,Jamey,Pendon,California,Green Card,Active,2020-04-11
858,Jamey,Pendrak,California,Green Card,Inactive,2020-04-11
859,Jami,Pendry,California,Green Card,Active,2020-04-11
860,Jamie,Penegar,California,Green Card,Active,2020-04-11
861,Jamie,Penepent,California,Green Card,Active,2020-04-11
862,Jamika,Penez,California,Green Card,Active,2020-04-11
863,Jamila,Penfield,California,Green Card,Active,2020-04-11
864,Jamison,Penfold,California,Green Card,Active,2020-04-12
865,Jammie,Peng,California,Green Card,Active,2020-04-12
866,Jan,Pengelly,California,Green Card,Active,2020-04-12
867,Jan,Pengra,California,Green Card,Active,2020-04-12
868,Jana,Penha,California,Others,Inactive,2020-04-12
869,Janae,Penhall,California,Others,Active,2020-04-12
870,Janay,Penhallurick,California,Others,Active,2020-04-12
871,Jane,Penhollow,California,Others,Active,2020-04-12
872,Janean,Penick,California,Others,Active,2020-04-12
873,Janee,Penigar,California,Others,Active,2020-04-12
874,Janeen,Peninger,California,Others,Active,2020-04-12
875,Janel,Penington,California,Others,Active,2020-04-12
876,Janell,Penird,California,Others,Active,2020-04-12
877,Janella,Penisson,California,Others,Active,2020-04-12
878,Janelle,Penister,California,Others,Inactive,2020-04-12
879,Janene,Peniston,California,Others,Active,2020-04-12
880,Janessa,Penix,California,Others,Active,2020-04-12
881,Janet,Penkalski,California,Others,Active,2020-04-12
882,Janeth,Penkins,California,Others,Active,2020-04-12
883,Janett,Penland,California,Others,Active,2020-04-12
884,Janetta,Penley,California,Others,Active,2020-04-12
885,Janette,Penman,California,Others,Active,2020-04-12
886,Janey,Penn,California,Others,Active,2020-04-12
887,Jani,Penna,California,Others,Active,2020-04-12
888,Janice,Pennacchio,California,Others,Inactive,2020-04-12
889,Janie,Pennachio,California,Others,Active,2020-04-12
890,Janiece,Pennant,California,Others,Active,2020-04-12
891,Janina,Pennebaker,California,Others,Active,2020-04-12
892,Janine,Pennel,California,Others,Active,2020-04-12
893,Janis,Pennell,California,Pass port,Active,2020-04-12
894,Janise,Pennella,California,Pass port,Active,2020-04-12
895,Janita,Pennelle,California,Pass port,Active,2020-04-13
896,Jann,Pennello,California,Pass port,Active,2020-04-13
897,Janna,Penner,California,Pass port,Active,2020-04-13
898,Jannet,Pennewell,California,Pass port,Inactive,2020-04-13
899,Jannette,Penney,California,Pass port,Active,2020-04-13
900,Jannie,Pennick,California,Pass port,Active,2020-04-13
901,January,Pennie,California,Pass port,Active,2020-04-13
902,Janyce,Pennig,California,Pass port,Active,2020-04-13
903,Jaqueline,Pennigton,California,Pass port,Active,2020-04-13
904,Jaquelyn,Penniman,California,Pass port,Active,2020-04-13
905,Jared,Pennimpede,California,Pass port,Active,2020-04-13
906,Jarod,Penning,California,Pass port,Active,2020-04-13
907,Jarred,Penninger,California,Pass port,Active,2020-04-13
908,Jarrett,Pennington,California,Pass port,Inactive,2020-04-13
909,Jarrod,Pennino,California,Pass port,Active,2020-04-13
910,Jarvis,Pennisi,California,Pass port,Active,2020-04-13
911,Jasmin,Pennison,California,Pass port,Active,2020-04-13
912,Jasmine,Penniston,California,Pass port,Active,2020-04-13
913,Jason,Pennix,California,Pass port,Active,2020-04-13
914,Jason,Pennock,California,Driving License,Active,2020-04-13
915,Jasper,Penny,California,Driving License,Active,2020-04-13
916,Jaunita,Pennycuff,California,Driving License,Active,2020-04-13
917,Javier,Pennypacker,California,Driving License,Active,2020-04-13
918,Jay,Pennywell,California,Driving License,Inactive,2020-04-13
919,Jay,Peno,California,Driving License,Active,2020-04-13
920,Jaye,Penovich,California,Driving License,Active,2020-04-13
921,Jayme,Penoyer,California,Driving License,Active,2020-04-13
922,Jaymie,Penquite,California,Driving License,Active,2020-04-13
923,Jayna,Penrice,California,Driving License,Active,2020-04-13
924,Jayne,Penrod,California,Driving License,Active,2020-04-13
925,Jayson,Penrose,California,Driving License,Active,2020-04-13
926,Jazmin,Pensa,California,Driving License,Active,2020-04-13
927,Jazmine,Pense,California,Driving License,Active,2020-04-14
928,Jc,Pensick,California,Driving License,Inactive,2020-04-14
929,Jean,Pensiero,California,Green Card,Active,2020-04-14
930,Jean,Pensinger,California,Green Card,Active,2020-04-14
931,Jeana,Pensis,California,Green Card,Active,2020-04-14
932,Jeane,Penski,California,Green Card,Active,2020-04-14
933,Jeanelle,Pensky,California,Green Card,Active,2020-04-14
934,Jeanene,Penso,California,Green Card,Active,2020-04-14
935,Jeanett,Penson,California,Green Card,Active,2020-04-14
936,Jeanetta,Pent,California,Green Card,Active,2020-04-14
937,Jeanette,Penta,California,Green Card,Active,2020-04-14
938,Jeanice,Pentaris,California,Green Card,Inactive,2020-04-14
939,Jeanie,Pentecost,California,Green Card,Active,2020-04-14
940,Jeanine,Pentek,California,Green Card,Active,2020-04-14
941,Jeanmarie,Pentico,California,Green Card,Active,2020-04-14
942,Jeanna,Penticoff,California,Green Card,Active,2020-04-14
943,Jeanne,Pentland,California,Green Card,Active,2020-04-14
944,Jeannetta,Penton,California,Others,Active,2020-04-14
945,Jeannette,Penttila,California,Others,Active,2020-04-14
946,Jeannie,Pentz,California,Others,Active,2020-04-14
947,Jeannine,Penuel,California,Pass port,Active,2020-04-14
948,Jed,Penunuri,California,Pass port,Inactive,2020-04-14
949,Jeff$#%,Penwarden,California,Pass port,Active,2020-04-14
950,Jefferey,Penwell,,Pass port,Active,2020-04-14
951,Jefferson,Penya,,Pass port,Active,2020-04-14
952,Jeffery,Penz,,Pass port,Active,2020-04-14
953,Jeffie,Penza,,Pass port,Active,2020-04-14
954,Jeffrey,Penzel,,Pass port,Active,2020-04-14
955,Jeffrey,Penzero,,Pass port,Active,2020-04-14
956,Jeffry,Penzien,,Pass port,Active,2020-04-14
957,Jen,Peon,,Pass port,Active,2020-04-14
958,Jena,People,,Pass port,Inactive,2020-04-14
959,Jenae,Peoples,,Pass port,Active,2020-04-14
960,Jene$#^,Pepe,,Pass port,Active,2020-04-15
961,Jenee,Peper,,Pass port,Active,2020-04-15
962,Jenell,Pepez,,Pass port,Active,2020-04-15
963,Jenelle,Pepin,,Pass port,Active,2020-04-15
964,Jenette,Pepion,,Pass port,Active,2020-04-15
965,Jeneva,Pepito(&(,Texas,Pass port,Active,2020-04-15
966,Jeni,Pepitone,Texas,Pass port,Active,2020-04-15
967,Jenice,Pepka,Texas,Pass port,Active,2020-04-15
968,Jenifer,Peplau,Texas,Green Card,Inactive,2020-04-15
969,Jeniffer,Peplinski,Texas,Green Card,Active,2020-04-15
970,Jenine,Peppard,Texas,Green Card,Active,2020-04-15
971,Jenise,Peppas,Texas,Green Card,Active,2020-04-15
972,Jenna,Peppe,Texas,Green Card,Active,2020-04-15
973,Jennefer,Peppel,Texas,Green Card,Active,2020-04-15
974,Jennell,Pepper,Texas,Green Card,Active,2020-04-15
975,Jennette,Pepperman,Texas,Green Card,Active,2020-04-15
976,Jenni,Peppers,Texas,Green Card,Active,2020-04-15
977,Jennie,Peppin,Texas,Green Card,Active,2020-04-15
978,Jennifer,Pepple,Texas,Green Card,Inactive,2020-04-15
979,Jenniffer,Peppler,Texas,Green Card,Active,2020-04-15
980,Jennine,Pequeno,Texas,Green Card,Active,2020-04-15
981,Jenny,Peques,Texas,Green Card,Active,2020-04-15
982,Jerald,Pera,Texas,Green Card,Active,2020-04-15
983,Jeraldine,Peragine,Texas,Pass port,Active,2020-04-15
984,Jeramy,Peraha,Texas,Pass port,Active,2020-04-15
985,Jere,Peral,Texas,Pass port,Active,2020-04-15
986,Jeremiah,Perales,Texas,Pass port,Active,2020-04-15
987,Jeremy,Peralez,Texas,Pass port,Active,2020-04-15
988,Jeremy,Peralta,Texas,Pass port,Inactive,2020-04-15
989,Jeri,Peralto,Texas,Pass port,Active,2020-04-15
990,Jerica,Peranio,Texas,Pass port,Active,2020-04-15
991,Jerilyn,Peraro,Texas,Pass port,Active,2020-04-15
992,Jerlene,Perault,Texas,Pass port,Active,2020-04-15
993,Jermaine,Peraza,Texas,Pass port,Active,2020-04-16
994,Jerold,Perazzo,Texas,Pass port,Active,2020-04-16
995,Jerome,Perce,Texas,Pass port,Active,2020-04-16
996,Jeromy,Percell,Texas,Pass port,Active,2020-04-16
997,Jerrell,Percey,Texas,Pass port,Active,2020-04-16
998,Jerri,Perch,Texas,Pass port,Inactive,2020-04-16
999,Jerrica,Perches,Texas,Pass port,Active,2020-04-16
1000,Jerrie,Perchinski,Texas,Pass port,Active,2020-04-16
1001,Jerrod,Perciballi,Texas,Pass port,Active,2020-04-16
1002,Jerrold,Percifield,Texas,Pass port,Active,2020-04-16
1003,Jerry,Perciful,Texas,Pass port,Active,2020-04-16
1004,Jerry,Percival,Texas,Green Card,Active,2020-04-16
1005,Jesenia,Percle,Texas,Green Card,Active,2020-04-16
1006,Jesica,Percontino,Texas,Green Card,Active,2020-04-16
1007,Jess,Percy,Texas,Green Card,Active,2020-04-16
1008,Jesse,Perdew,Texas,Green Card,Inactive,2020-04-16
1009,Jesse,Perdomo,Texas,Green Card,Active,2020-04-16
1010,Jessenia,Perdue,Texas,Green Card,Active,2020-04-16
1011,Jessi,Perdzock,Alaska,Green Card,Active,2020-04-16
1012,Jessia,Pere,Alaska,Green Card,Active,2020-04-16
1013,Jessica,Perea,Alaska,Green Card,Active,2020-04-16
1014,Jessie,Pereda,Alaska,Green Card,Active,2020-04-16
1015,Jessie,Peredo,Alaska,Green Card,Active,2020-04-16
1016,Jessika,Peredz,Alaska,Green Card,Active,2020-04-16
1017,Jestine,Perego,Alaska,Green Card,Active,2020-04-16
